ticker,hist_var_95,hist_var_99,param_var_95,param_var_99,avg_rolling_vol,full_period_mdd
WIPRO.NS,-0.028952839737544978,-0.043473659942590843,-0.027720383702752396,-0.03903413139884093,0.25672347896043723,-0.44223443403219276
INFY.NS,-0.02814636014445299,-0.04523508448802161,-0.029163318671456797,-0.04094228031952196,0.2645166854074359,-0.4817164495127706
AAPL,-0.02784340667601688,-0.04981981294799705,-0.02912208553508664,-0.04155102168797198,0.26067198597897906,-0.33360514024537086
GOOGL,-0.02664171286194052,-0.04746147402801939,-0.031232229931158973,-0.04487055872470247,0.3026944302344909,-0.2980587500209958
TCS.NS,-0.025720898738221136,-0.038718354352632836,-0.025857224255023924,-0.036166704402196576,0.22640838881121744,-0.5339342955283943
MSFT,-0.025585620299907016,-0.03968146224521467,-0.029246642697166595,-0.041532912539443155,0.2502954814208888,-0.34498391627511604
RELIANCE.NS,-0.020714224044372342,-0.03392875821525645,-0.02158866451226753,-0.0304614170197221,0.20349042794744443,-0.23868497779011222
HDFCBANK.NS,-0.019507940306542553,-0.033017655741847056,-0.02042478621466305,-0.02888003006915665,0.18282827605334667,-0.2777668608718887
ICICIBANK.NS,-0.018255086177721296,-0.02985822878295037,-0.018778611725786574,-0.026739088931778527,0.18129903035898545,-0.18365924078670637
